<?xml version="1.0" encoding="UTF-8"?><InteractionHistory Id="activity" Version="1"><InteractionEvent Delta="added" EndDate="2013-03-18 23:56:47.477 HKT" Interest="1.0" Kind="attention" Navigation="" OriginId="org.eclipse.ui.workbench" StartDate="2013-03-18 23:37:15.237 HKT" StructureHandle="none" StructureKind="workingset"/><InteractionEvent Delta="added" EndDate="2013-03-19 00:29:01.470 HKT" Interest="1.0" Kind="attention" Navigation="" OriginId="org.eclipse.ui.workbench" StartDate="2013-03-19 00:01:29.677 HKT" StructureHandle="none" StructureKind="workingset"/><InteractionEvent Delta="added" EndDate="2013-03-19 01:00:05.298 HKT" Interest="1.0" Kind="attention" Navigation="" OriginId="org.eclipse.ui.workbench" StartDate="2013-03-19 00:59:35.259 HKT" StructureHandle="none" StructureKind="workingset"/><InteractionEvent Delta="added" EndDate="2013-03-19 01:12:38.929 HKT" Interest="1.0" Kind="attention" Navigation="" OriginId="org.eclipse.ui.workbench" StartDate="2013-03-19 01:00:05.298 HKT" StructureHandle="none" StructureKind="workingset"/><InteractionEvent Delta="added" EndDate="2013-03-19 01:59:59.794 HKT" Interest="1.0" Kind="attention" Navigation="" OriginId="org.eclipse.ui.workbench" StartDate="2013-03-19 01:59:29.744 HKT" StructureHandle="none" StructureKind="workingset"/><InteractionEvent Delta="added" EndDate="2013-03-19 02:00:29.845 HKT" Interest="1.0" Kind="attention" Navigation="" OriginId="org.eclipse.ui.workbench" StartDate="2013-03-19 01:59:59.794 HKT" StructureHandle="none" StructureKind="workingset"/><InteractionEvent Delta="added" EndDate="2013-03-19 02:07:00.172 HKT" Interest="1.0" Kind="attention" Navigation="" OriginId="org.eclipse.ui.workbench" StartDate="2013-03-19 02:00:29.845 HKT" StructureHandle="none" StructureKind="workingset"/><InteractionEvent Delta="added" EndDate="2013-03-19 03:36:07.264 HKT" Interest="1.0" Kind="attention" Navigation="" OriginId="org.eclipse.ui.workbench" StartDate="2013-03-19 03:29:36.944 HKT" StructureHandle="none" StructureKind="workingset"/><InteractionEvent Delta="added" EndDate="2013-03-19 04:51:41.251 HKT" Interest="1.0" Kind="attention" Navigation="" OriginId="org.eclipse.ui.workbench" StartDate="2013-03-19 04:25:33.738 HKT" StructureHandle="none" StructureKind="workingset"/><InteractionEvent Delta="added" EndDate="2013-03-19 05:21:09.992 HKT" Interest="1.0" Kind="attention" Navigation="" OriginId="org.eclipse.ui.workbench" StartDate="2013-03-19 05:00:01.498 HKT" StructureHandle="none" StructureKind="workingset"/><InteractionEvent Delta="added" EndDate="2013-03-19 06:58:26.531 HKT" Interest="1.0" Kind="attention" Navigation="" OriginId="org.eclipse.ui.workbench" StartDate="2013-03-19 06:17:46.937 HKT" StructureHandle="none" StructureKind="workingset"/><InteractionEvent Delta="added" EndDate="2013-03-19 07:39:15.263 HKT" Interest="1.0" Kind="attention" Navigation="" OriginId="org.eclipse.ui.workbench" StartDate="2013-03-19 07:00:11.670 HKT" StructureHandle="none" StructureKind="workingset"/><InteractionEvent Delta="added" EndDate="2013-03-19 08:29:16.42 HKT" Interest="1.0" Kind="attention" Navigation="" OriginId="org.eclipse.ui.workbench" StartDate="2013-03-19 08:00:39.27 HKT" StructureHandle="none" StructureKind="workingset"/><InteractionEvent Delta="added" EndDate="2013-03-19 09:59:42.112 HKT" Interest="1.0" Kind="attention" Navigation="" OriginId="org.eclipse.ui.workbench" StartDate="2013-03-19 09:50:40.532 HKT" StructureHandle="none" StructureKind="workingset"/><InteractionEvent Delta="added" EndDate="2013-03-19 10:00:12.113 HKT" Interest="1.0" Kind="attention" Navigation="" OriginId="org.eclipse.ui.workbench" StartDate="2013-03-19 09:59:42.112 HKT" StructureHandle="none" StructureKind="workingset"/><InteractionEvent Delta="added" EndDate="2013-03-19 10:50:19.254 HKT" Interest="1.0" Kind="attention" Navigation="" OriginId="org.eclipse.ui.workbench" StartDate="2013-03-19 10:00:12.113 HKT" StructureHandle="none" StructureKind="workingset"/><InteractionEvent Delta="added" EndDate="2013-03-19 10:59:46.4 HKT" Interest="1.0" Kind="attention" Navigation="" OriginId="org.eclipse.ui.workbench" StartDate="2013-03-19 10:59:16.3 HKT" StructureHandle="none" StructureKind="workingset"/><InteractionEvent Delta="added" EndDate="2013-03-19 11:00:16.185 HKT" Interest="1.0" Kind="attention" Navigation="" OriginId="org.eclipse.ui.workbench" StartDate="2013-03-19 10:59:46.4 HKT" StructureHandle="none" StructureKind="workingset"/><InteractionEvent Delta="added" EndDate="2013-03-19 11:38:51.881 HKT" Interest="1.0" Kind="attention" Navigation="" OriginId="org.eclipse.ui.workbench" StartDate="2013-03-19 11:00:16.185 HKT" StructureHandle="none" StructureKind="workingset"/><InteractionEvent Delta="added" EndDate="2013-03-19 12:33:32.455 HKT" Interest="1.0" Kind="attention" Navigation="" OriginId="org.eclipse.ui.workbench" StartDate="2013-03-19 12:07:27.19 HKT" StructureHandle="none" StructureKind="workingset"/><InteractionEvent Delta="added" EndDate="2013-03-19 23:59:05.480 HKT" Interest="1.0" Kind="attention" Navigation="" OriginId="org.eclipse.ui.workbench" StartDate="2013-03-19 23:33:00.591 HKT" StructureHandle="none" StructureKind="workingset"/><InteractionEvent Delta="added" EndDate="2013-03-19 23:59:35.539 HKT" Interest="1.0" Kind="attention" Navigation="" OriginId="org.eclipse.ui.workbench" StartDate="2013-03-19 23:59:05.480 HKT" StructureHandle="none" StructureKind="workingset"/><InteractionEvent Delta="added" EndDate="2013-03-20 00:00:05.540 HKT" Interest="1.0" Kind="attention" Navigation="" OriginId="org.eclipse.ui.workbench" StartDate="2013-03-19 23:59:35.539 HKT" StructureHandle="none" StructureKind="workingset"/><InteractionEvent Delta="added" EndDate="2013-03-20 00:38:08.356 HKT" Interest="1.0" Kind="attention" Navigation="" OriginId="org.eclipse.ui.workbench" StartDate="2013-03-20 00:00:05.540 HKT" StructureHandle="none" StructureKind="workingset"/><InteractionEvent Delta="added" EndDate="2013-03-20 01:27:28.181 HKT" Interest="1.0" Kind="attention" Navigation="" OriginId="org.eclipse.ui.workbench" StartDate="2013-03-20 01:03:47.964 HKT" StructureHandle="none" StructureKind="workingset"/><InteractionEvent Delta="added" EndDate="2013-03-20 04:37:07.312 HKT" Interest="1.0" Kind="attention" Navigation="" OriginId="org.eclipse.ui.workbench" StartDate="2013-03-20 04:05:59.161 HKT" StructureHandle="none" StructureKind="workingset"/><InteractionEvent Delta="added" EndDate="2013-03-20 05:54:43.163 HKT" Interest="1.0" Kind="attention" Navigation="" OriginId="org.eclipse.ui.workbench" StartDate="2013-03-20 05:00:08.878 HKT" StructureHandle="none" StructureKind="workingset"/><InteractionEvent Delta="added" EndDate="2013-03-20 06:00:10.133 HKT" Interest="1.0" Kind="attention" Navigation="" OriginId="org.eclipse.ui.workbench" StartDate="2013-03-20 05:59:39.615 HKT" StructureHandle="none" StructureKind="workingset"/><InteractionEvent Delta="added" EndDate="2013-03-20 06:47:17.575 HKT" Interest="1.0" Kind="attention" Navigation="" OriginId="org.eclipse.ui.workbench" StartDate="2013-03-20 06:00:10.133 HKT" StructureHandle="none" StructureKind="workingset"/><InteractionEvent Delta="added" EndDate="2013-03-20 07:00:07.868 HKT" Interest="1.0" Kind="attention" Navigation="" OriginId="org.eclipse.ui.workbench" StartDate="2013-03-20 06:59:37.818 HKT" StructureHandle="none" StructureKind="workingset"/><InteractionEvent Delta="added" EndDate="2013-03-20 07:18:43.273 HKT" Interest="1.0" Kind="attention" Navigation="" OriginId="org.eclipse.ui.workbench" StartDate="2013-03-20 07:00:07.868 HKT" StructureHandle="none" StructureKind="workingset"/><InteractionEvent Delta="added" EndDate="2013-03-20 08:59:28.682 HKT" Interest="1.0" Kind="attention" Navigation="" OriginId="org.eclipse.ui.workbench" StartDate="2013-03-20 08:52:25.816 HKT" StructureHandle="none" StructureKind="workingset"/><InteractionEvent Delta="added" EndDate="2013-03-20 08:59:58.689 HKT" Interest="1.0" Kind="attention" Navigation="" OriginId="org.eclipse.ui.workbench" StartDate="2013-03-20 08:59:28.682 HKT" StructureHandle="none" StructureKind="workingset"/><InteractionEvent Delta="added" EndDate="2013-03-20 09:00:28.728 HKT" Interest="1.0" Kind="attention" Navigation="" OriginId="org.eclipse.ui.workbench" StartDate="2013-03-20 08:59:58.689 HKT" StructureHandle="none" StructureKind="workingset"/><InteractionEvent Delta="added" EndDate="2013-03-20 09:41:14.621 HKT" Interest="1.0" Kind="attention" Navigation="" OriginId="org.eclipse.ui.workbench" StartDate="2013-03-20 09:01:08.272 HKT" StructureHandle="none" StructureKind="workingset"/><InteractionEvent Delta="added" EndDate="2013-03-20 09:59:42.656 HKT" Interest="1.0" Kind="attention" Navigation="" OriginId="org.eclipse.ui.workbench" StartDate="2013-03-20 09:59:12.605 HKT" StructureHandle="none" StructureKind="workingset"/><InteractionEvent Delta="added" EndDate="2013-03-20 10:00:12.707 HKT" Interest="1.0" Kind="attention" Navigation="" OriginId="org.eclipse.ui.workbench" StartDate="2013-03-20 09:59:42.656 HKT" StructureHandle="none" StructureKind="workingset"/><InteractionEvent Delta="added" EndDate="2013-03-20 10:49:49.710 HKT" Interest="1.0" Kind="attention" Navigation="" OriginId="org.eclipse.ui.workbench" StartDate="2013-03-20 10:00:12.707 HKT" StructureHandle="none" StructureKind="workingset"/><InteractionEvent Delta="added" EndDate="2013-03-20 10:59:59.436 HKT" Interest="1.0" Kind="attention" Navigation="" OriginId="org.eclipse.ui.workbench" StartDate="2013-03-20 10:59:29.386 HKT" StructureHandle="none" StructureKind="workingset"/><InteractionEvent Delta="added" EndDate="2013-03-20 11:00:29.439 HKT" Interest="1.0" Kind="attention" Navigation="" OriginId="org.eclipse.ui.workbench" StartDate="2013-03-20 10:59:59.436 HKT" StructureHandle="none" StructureKind="workingset"/><InteractionEvent Delta="added" EndDate="2013-03-20 11:53:32.813 HKT" Interest="1.0" Kind="attention" Navigation="" OriginId="org.eclipse.ui.workbench" StartDate="2013-03-20 11:00:29.439 HKT" StructureHandle="none" StructureKind="workingset"/><InteractionEvent Delta="added" EndDate="2013-03-20 12:01:49.796 HKT" Interest="1.0" Kind="attention" Navigation="" OriginId="org.eclipse.ui.workbench" StartDate="2013-03-20 12:00:15.117 HKT" StructureHandle="none" StructureKind="workingset"/><InteractionEvent Delta="added" EndDate="2013-03-21 11:17:18.825 HKT" Interest="1.0" Kind="attention" Navigation="" OriginId="org.eclipse.ui.workbench" StartDate="2013-03-21 11:16:16.962 HKT" StructureHandle="none" StructureKind="workingset"/><InteractionEvent Delta="added" EndDate="2013-03-25 03:47:25.426 HKT" Interest="1.0" Kind="attention" Navigation="" OriginId="org.eclipse.ui.workbench" StartDate="2013-03-25 03:27:20.507 HKT" StructureHandle="none" StructureKind="workingset"/><InteractionEvent Delta="added" EndDate="2013-03-25 04:00:16.627 HKT" Interest="1.0" Kind="attention" Navigation="" OriginId="org.eclipse.ui.workbench" StartDate="2013-03-25 03:59:46.620 HKT" StructureHandle="none" StructureKind="workingset"/><InteractionEvent Delta="added" EndDate="2013-03-25 04:56:21.732 HKT" Interest="1.0" Kind="attention" Navigation="" OriginId="org.eclipse.ui.workbench" StartDate="2013-03-25 04:00:16.627 HKT" StructureHandle="none" StructureKind="workingset"/><InteractionEvent Delta="added" EndDate="2013-03-25 04:59:56.417 HKT" Interest="1.0" Kind="attention" Navigation="" OriginId="org.eclipse.ui.workbench" StartDate="2013-03-25 04:59:26.367 HKT" StructureHandle="none" StructureKind="workingset"/><InteractionEvent Delta="added" EndDate="2013-03-25 05:00:26.524 HKT" Interest="1.0" Kind="attention" Navigation="" OriginId="org.eclipse.ui.workbench" StartDate="2013-03-25 04:59:56.417 HKT" StructureHandle="none" StructureKind="workingset"/><InteractionEvent Delta="added" EndDate="2013-03-25 05:30:06.301 HKT" Interest="1.0" Kind="attention" Navigation="" OriginId="org.eclipse.ui.workbench" StartDate="2013-03-25 05:00:26.524 HKT" StructureHandle="none" StructureKind="workingset"/><InteractionEvent Delta="added" EndDate="2013-04-04 07:17:47.685 HKT" Interest="1.0" Kind="attention" Navigation="" OriginId="org.eclipse.ui.workbench" StartDate="2013-04-04 07:09:40.921 HKT" StructureHandle="none" StructureKind="workingset"/><InteractionEvent Delta="added" EndDate="2013-04-04 10:59:43.234 HKT" Interest="1.0" Kind="attention" Navigation="" OriginId="org.eclipse.ui.workbench" StartDate="2013-04-04 10:55:39.220 HKT" StructureHandle="none" StructureKind="workingset"/><InteractionEvent Delta="added" EndDate="2013-04-04 11:00:13.284 HKT" Interest="1.0" Kind="attention" Navigation="" OriginId="org.eclipse.ui.workbench" StartDate="2013-04-04 10:59:43.234 HKT" StructureHandle="none" StructureKind="workingset"/><InteractionEvent Delta="added" EndDate="2013-04-04 11:37:47.715 HKT" Interest="1.0" Kind="attention" Navigation="" OriginId="org.eclipse.ui.workbench" StartDate="2013-04-04 11:00:13.284 HKT" StructureHandle="none" StructureKind="workingset"/><InteractionEvent Delta="added" EndDate="2013-04-04 12:38:24.218 HKT" Interest="1.0" Kind="attention" Navigation="" OriginId="org.eclipse.ui.workbench" StartDate="2013-04-04 12:02:50.599 HKT" StructureHandle="none" StructureKind="workingset"/><InteractionEvent Delta="added" EndDate="2013-04-04 14:05:01.444 HKT" Interest="1.0" Kind="attention" Navigation="" OriginId="org.eclipse.ui.workbench" StartDate="2013-04-04 14:01:58.40 HKT" StructureHandle="none" StructureKind="workingset"/><InteractionEvent Delta="added" EndDate="2013-04-04 15:17:58.279 HKT" Interest="1.0" Kind="attention" Navigation="" OriginId="org.eclipse.ui.workbench" StartDate="2013-04-04 15:02:51.195 HKT" StructureHandle="none" StructureKind="workingset"/><InteractionEvent Delta="added" EndDate="2013-04-04 16:55:30.305 HKT" Interest="1.0" Kind="attention" Navigation="" OriginId="org.eclipse.ui.workbench" StartDate="2013-04-04 16:27:24.312 HKT" StructureHandle="none" StructureKind="workingset"/><InteractionEvent Delta="added" EndDate="2013-04-04 17:18:44.262 HKT" Interest="1.0" Kind="attention" Navigation="" OriginId="org.eclipse.ui.workbench" StartDate="2013-04-04 17:00:41.889 HKT" StructureHandle="none" StructureKind="workingset"/><InteractionEvent Delta="added" EndDate="2013-04-05 11:38:20.9 HKT" Interest="1.0" Kind="attention" Navigation="" OriginId="org.eclipse.ui.workbench" StartDate="2013-04-05 11:16:11.763 HKT" StructureHandle="none" StructureKind="workingset"/><InteractionEvent Delta="added" EndDate="2013-04-05 12:13:07.9 HKT" Interest="1.0" Kind="attention" Navigation="" OriginId="org.eclipse.ui.workbench" StartDate="2013-04-05 12:04:02.683 HKT" StructureHandle="none" StructureKind="workingset"/><InteractionEvent Delta="added" EndDate="2013-04-05 14:59:24.107 HKT" Interest="1.0" Kind="attention" Navigation="" OriginId="org.eclipse.ui.workbench" StartDate="2013-04-05 14:20:50.110 HKT" StructureHandle="none" StructureKind="workingset"/><InteractionEvent Delta="added" EndDate="2013-04-05 15:04:13.41 HKT" Interest="1.0" Kind="attention" Navigation="" OriginId="org.eclipse.ui.workbench" StartDate="2013-04-05 15:00:12.879 HKT" StructureHandle="none" StructureKind="workingset"/><InteractionEvent Delta="added" EndDate="2013-04-05 16:58:57.375 HKT" Interest="1.0" Kind="attention" Navigation="" OriginId="org.eclipse.ui.workbench" StartDate="2013-04-05 16:16:53.706 HKT" StructureHandle="none" StructureKind="workingset"/><InteractionEvent Delta="added" EndDate="2013-04-05 17:01:42.146 HKT" Interest="1.0" Kind="attention" Navigation="" OriginId="org.eclipse.ui.workbench" StartDate="2013-04-05 17:00:12.70 HKT" StructureHandle="none" StructureKind="workingset"/><InteractionEvent Delta="added" EndDate="2013-04-06 01:59:19.44 HKT" Interest="1.0" Kind="attention" Navigation="" OriginId="org.eclipse.ui.workbench" StartDate="2013-04-06 01:21:11.915 HKT" StructureHandle="none" StructureKind="workingset"/><InteractionEvent Delta="added" EndDate="2013-04-06 01:59:49.270 HKT" Interest="1.0" Kind="attention" Navigation="" OriginId="org.eclipse.ui.workbench" StartDate="2013-04-06 01:59:19.44 HKT" StructureHandle="none" StructureKind="workingset"/><InteractionEvent Delta="added" EndDate="2013-04-06 02:00:19.277 HKT" Interest="1.0" Kind="attention" Navigation="" OriginId="org.eclipse.ui.workbench" StartDate="2013-04-06 01:59:49.270 HKT" StructureHandle="none" StructureKind="workingset"/><InteractionEvent Delta="added" EndDate="2013-04-06 02:43:35.559 HKT" Interest="1.0" Kind="attention" Navigation="" OriginId="org.eclipse.ui.workbench" StartDate="2013-04-06 02:00:19.277 HKT" StructureHandle="none" StructureKind="workingset"/><InteractionEvent Delta="added" EndDate="2013-04-06 03:00:08.771 HKT" Interest="1.0" Kind="attention" Navigation="" OriginId="org.eclipse.ui.workbench" StartDate="2013-04-06 02:59:38.770 HKT" StructureHandle="none" StructureKind="workingset"/><InteractionEvent Delta="added" EndDate="2013-04-06 03:14:39.685 HKT" Interest="1.0" Kind="attention" Navigation="" OriginId="org.eclipse.ui.workbench" StartDate="2013-04-06 03:00:08.771 HKT" StructureHandle="none" StructureKind="workingset"/><InteractionEvent Delta="added" EndDate="2013-04-06 12:48:47.566 HKT" Interest="1.0" Kind="attention" Navigation="" OriginId="org.eclipse.ui.workbench" StartDate="2013-04-06 12:04:40.679 HKT" StructureHandle="none" StructureKind="workingset"/><InteractionEvent Delta="added" EndDate="2013-04-06 13:53:14.74 HKT" Interest="1.0" Kind="attention" Navigation="" OriginId="org.eclipse.ui.workbench" StartDate="2013-04-06 13:00:06.423 HKT" StructureHandle="none" StructureKind="workingset"/><InteractionEvent Delta="added" EndDate="2013-04-06 13:59:48.114 HKT" Interest="1.0" Kind="attention" Navigation="" OriginId="org.eclipse.ui.workbench" StartDate="2013-04-06 13:59:18.113 HKT" StructureHandle="none" StructureKind="workingset"/><InteractionEvent Delta="added" EndDate="2013-04-06 14:00:18.164 HKT" Interest="1.0" Kind="attention" Navigation="" OriginId="org.eclipse.ui.workbench" StartDate="2013-04-06 13:59:48.114 HKT" StructureHandle="none" StructureKind="workingset"/><InteractionEvent Delta="added" EndDate="2013-04-06 14:14:52.793 HKT" Interest="1.0" Kind="attention" Navigation="" OriginId="org.eclipse.ui.workbench" StartDate="2013-04-06 14:00:18.164 HKT" StructureHandle="none" StructureKind="workingset"/><InteractionEvent Delta="added" EndDate="2013-04-06 15:45:07.717 HKT" Interest="1.0" Kind="attention" Navigation="" OriginId="org.eclipse.ui.workbench" StartDate="2013-04-06 15:16:34.723 HKT" StructureHandle="none" StructureKind="workingset"/><InteractionEvent Delta="added" EndDate="2013-04-06 21:57:31.819 HKT" Interest="1.0" Kind="attention" Navigation="" OriginId="org.eclipse.ui.workbench" StartDate="2013-04-06 21:51:56.979 HKT" StructureHandle="none" StructureKind="workingset"/><InteractionEvent Delta="added" EndDate="2013-04-07 01:49:29.379 HKT" Interest="1.0" Kind="attention" Navigation="" OriginId="org.eclipse.ui.workbench" StartDate="2013-04-07 01:21:49.539 HKT" StructureHandle="none" StructureKind="workingset"/><InteractionEvent Delta="added" EndDate="2013-04-07 02:51:22.164 HKT" Interest="1.0" Kind="attention" Navigation="" OriginId="org.eclipse.ui.workbench" StartDate="2013-04-07 02:13:12.302 HKT" StructureHandle="none" StructureKind="workingset"/><InteractionEvent Delta="added" EndDate="2013-04-07 02:59:52.866 HKT" Interest="1.0" Kind="attention" Navigation="" OriginId="org.eclipse.ui.workbench" StartDate="2013-04-07 02:59:22.816 HKT" StructureHandle="none" StructureKind="workingset"/><InteractionEvent Delta="added" EndDate="2013-04-07 03:00:22.916 HKT" Interest="1.0" Kind="attention" Navigation="" OriginId="org.eclipse.ui.workbench" StartDate="2013-04-07 02:59:52.866 HKT" StructureHandle="none" StructureKind="workingset"/><InteractionEvent Delta="added" EndDate="2013-04-07 03:33:00.200 HKT" Interest="1.0" Kind="attention" Navigation="" OriginId="org.eclipse.ui.workbench" StartDate="2013-04-07 03:00:22.916 HKT" StructureHandle="none" StructureKind="workingset"/><InteractionEvent Delta="added" EndDate="2013-04-07 04:44:05.993 HKT" Interest="1.0" Kind="attention" Navigation="" OriginId="org.eclipse.ui.workbench" StartDate="2013-04-07 04:04:55.730 HKT" StructureHandle="none" StructureKind="workingset"/><InteractionEvent Delta="added" EndDate="2013-04-07 05:46:32.956 HKT" Interest="1.0" Kind="attention" Navigation="" OriginId="org.eclipse.ui.workbench" StartDate="2013-04-07 05:07:56.880 HKT" StructureHandle="none" StructureKind="workingset"/><InteractionEvent Delta="added" EndDate="2013-04-07 08:57:25.406 HKT" Interest="1.0" Kind="attention" Navigation="" OriginId="org.eclipse.ui.workbench" StartDate="2013-04-07 08:26:52.45 HKT" StructureHandle="none" StructureKind="workingset"/><InteractionEvent Delta="added" EndDate="2013-04-07 09:59:43.553 HKT" Interest="1.0" Kind="attention" Navigation="" OriginId="org.eclipse.ui.workbench" StartDate="2013-04-07 09:48:40.25 HKT" StructureHandle="none" StructureKind="workingset"/><InteractionEvent Delta="added" EndDate="2013-04-07 10:00:13.603 HKT" Interest="1.0" Kind="attention" Navigation="" OriginId="org.eclipse.ui.workbench" StartDate="2013-04-07 09:59:43.553 HKT" StructureHandle="none" StructureKind="workingset"/><InteractionEvent Delta="added" EndDate="2013-04-07 10:33:49.350 HKT" Interest="1.0" Kind="attention" Navigation="" OriginId="org.eclipse.ui.workbench" StartDate="2013-04-07 10:00:13.603 HKT" StructureHandle="none" StructureKind="workingset"/><InteractionEvent Delta="added" EndDate="2013-04-08 00:46:19.641 HKT" Interest="1.0" Kind="attention" Navigation="" OriginId="org.eclipse.ui.workbench" StartDate="2013-04-08 00:36:39.66 HKT" StructureHandle="none" StructureKind="workingset"/><InteractionEvent Delta="added" EndDate="2013-04-08 01:30:11.613 HKT" Interest="1.0" Kind="attention" Navigation="" OriginId="org.eclipse.ui.workbench" StartDate="2013-04-08 01:00:07.6 HKT" StructureHandle="none" StructureKind="workingset"/><InteractionEvent Delta="added" EndDate="2013-04-08 02:52:56.47 HKT" Interest="1.0" Kind="attention" Navigation="" OriginId="org.eclipse.ui.workbench" StartDate="2013-04-08 02:01:21.47 HKT" StructureHandle="none" StructureKind="workingset"/><InteractionEvent Delta="added" EndDate="2013-04-08 03:00:18.18 HKT" Interest="1.0" Kind="attention" Navigation="" OriginId="org.eclipse.ui.workbench" StartDate="2013-04-08 02:59:47.968 HKT" StructureHandle="none" StructureKind="workingset"/><InteractionEvent Delta="added" EndDate="2013-04-08 03:49:52.829 HKT" Interest="1.0" Kind="attention" Navigation="" OriginId="org.eclipse.ui.workbench" StartDate="2013-04-08 03:00:18.18 HKT" StructureHandle="none" StructureKind="workingset"/><InteractionEvent Delta="added" EndDate="2013-04-08 04:00:02.202 HKT" Interest="1.0" Kind="attention" Navigation="" OriginId="org.eclipse.ui.workbench" StartDate="2013-04-08 03:59:32.154 HKT" StructureHandle="none" StructureKind="workingset"/><InteractionEvent Delta="added" EndDate="2013-04-08 04:37:43.442 HKT" Interest="1.0" Kind="attention" Navigation="" OriginId="org.eclipse.ui.workbench" StartDate="2013-04-08 04:00:02.202 HKT" StructureHandle="none" StructureKind="workingset"/><InteractionEvent Delta="added" EndDate="2013-04-08 05:56:33.81 HKT" Interest="1.0" Kind="attention" Navigation="" OriginId="org.eclipse.ui.workbench" StartDate="2013-04-08 05:00:53.653 HKT" StructureHandle="none" StructureKind="workingset"/><InteractionEvent Delta="added" EndDate="2013-04-08 06:15:58.518 HKT" Interest="1.0" Kind="attention" Navigation="" OriginId="org.eclipse.ui.workbench" StartDate="2013-04-08 06:00:21.50 HKT" StructureHandle="none" StructureKind="workingset"/><InteractionEvent Delta="added" EndDate="2013-04-08 07:00:04.139 HKT" Interest="1.0" Kind="attention" Navigation="" OriginId="org.eclipse.ui.workbench" StartDate="2013-04-08 06:59:34.121 HKT" StructureHandle="none" StructureKind="workingset"/><InteractionEvent Delta="added" EndDate="2013-04-08 07:54:41.936 HKT" Interest="1.0" Kind="attention" Navigation="" OriginId="org.eclipse.ui.workbench" StartDate="2013-04-08 07:00:04.139 HKT" StructureHandle="none" StructureKind="workingset"/><InteractionEvent Delta="added" EndDate="2013-04-08 08:00:04.374 HKT" Interest="1.0" Kind="attention" Navigation="" OriginId="org.eclipse.ui.workbench" StartDate="2013-04-08 07:59:34.324 HKT" StructureHandle="none" StructureKind="workingset"/><InteractionEvent Delta="added" EndDate="2013-04-08 08:27:06.335 HKT" Interest="1.0" Kind="attention" Navigation="" OriginId="org.eclipse.ui.workbench" StartDate="2013-04-08 08:00:04.374 HKT" StructureHandle="none" StructureKind="workingset"/><InteractionEvent Delta="added" EndDate="2013-04-08 23:16:43.542 HKT" Interest="1.0" Kind="attention" Navigation="" OriginId="org.eclipse.ui.workbench" StartDate="2013-04-08 23:11:34.766 HKT" StructureHandle="none" StructureKind="workingset"/><InteractionEvent Delta="added" EndDate="2013-04-09 00:46:26.120 HKT" Interest="1.0" Kind="attention" Navigation="" OriginId="org.eclipse.ui.workbench" StartDate="2013-04-09 00:43:21.21 HKT" StructureHandle="none" StructureKind="workingset"/><InteractionEvent Delta="added" EndDate="2013-04-15 02:31:27.260 HKT" Interest="1.0" Kind="attention" Navigation="" OriginId="org.eclipse.ui.workbench" StartDate="2013-04-15 02:25:50.756 HKT" StructureHandle="none" StructureKind="workingset"/><InteractionEvent Delta="added" EndDate="2013-04-15 03:26:53.72 HKT" Interest="1.0" Kind="attention" Navigation="" OriginId="org.eclipse.ui.workbench" StartDate="2013-04-15 03:00:09.953 HKT" StructureHandle="none" StructureKind="workingset"/><InteractionEvent Delta="added" EndDate="2013-04-15 04:58:05.535 HKT" Interest="1.0" Kind="attention" Navigation="" OriginId="org.eclipse.ui.workbench" StartDate="2013-04-15 04:53:33.594 HKT" StructureHandle="none" StructureKind="workingset"/><InteractionEvent Delta="added" EndDate="2013-04-15 05:35:27.54 HKT" Interest="1.0" Kind="attention" Navigation="" OriginId="org.eclipse.ui.workbench" StartDate="2013-04-15 05:25:55.128 HKT" StructureHandle="none" StructureKind="workingset"/><InteractionEvent Delta="added" EndDate="2013-04-15 09:53:41.728 HKT" Interest="1.0" Kind="attention" Navigation="" OriginId="org.eclipse.ui.workbench" StartDate="2013-04-15 09:51:10.824 HKT" StructureHandle="none" StructureKind="workingset"/><InteractionEvent Delta="added" EndDate="2013-04-15 10:44:35.122 HKT" Interest="1.0" Kind="attention" Navigation="" OriginId="org.eclipse.ui.workbench" StartDate="2013-04-15 10:16:30.382 HKT" StructureHandle="none" StructureKind="workingset"/><InteractionEvent Delta="added" EndDate="2013-04-15 11:22:58.382 HKT" Interest="1.0" Kind="attention" Navigation="" OriginId="org.eclipse.ui.workbench" StartDate="2013-04-15 11:10:23.549 HKT" StructureHandle="none" StructureKind="workingset"/><InteractionEvent Delta="added" EndDate="2013-04-15 12:41:42.204 HKT" Interest="1.0" Kind="attention" Navigation="" OriginId="org.eclipse.ui.workbench" StartDate="2013-04-15 12:12:02.779 HKT" StructureHandle="none" StructureKind="workingset"/><InteractionEvent Delta="added" EndDate="2013-04-15 13:42:17.50 HKT" Interest="1.0" Kind="attention" Navigation="" OriginId="org.eclipse.ui.workbench" StartDate="2013-04-15 13:01:04.11 HKT" StructureHandle="none" StructureKind="workingset"/><InteractionEvent Delta="added" EndDate="2013-04-15 14:11:14.251 HKT" Interest="1.0" Kind="attention" Navigation="" OriginId="org.eclipse.ui.workbench" StartDate="2013-04-15 14:00:37.676 HKT" StructureHandle="none" StructureKind="workingset"/><InteractionEvent Delta="added" EndDate="2013-04-16 00:48:29.500 HKT" Interest="1.0" Kind="attention" Navigation="" OriginId="org.eclipse.ui.workbench" StartDate="2013-04-16 00:45:49.389 HKT" StructureHandle="none" StructureKind="workingset"/><InteractionEvent Delta="added" EndDate="2013-04-16 01:30:01.663 HKT" Interest="1.0" Kind="attention" Navigation="" OriginId="org.eclipse.ui.workbench" StartDate="2013-04-16 01:19:58.13 HKT" StructureHandle="none" StructureKind="workingset"/><InteractionEvent Delta="added" EndDate="2013-04-16 03:21:07.385 HKT" Interest="1.0" Kind="attention" Navigation="" OriginId="org.eclipse.ui.workbench" StartDate="2013-04-16 03:00:56.853 HKT" StructureHandle="none" StructureKind="workingset"/><InteractionEvent Delta="added" EndDate="2013-04-16 04:32:00.930 HKT" Interest="1.0" Kind="attention" Navigation="" OriginId="org.eclipse.ui.workbench" StartDate="2013-04-16 04:00:19.48 HKT" StructureHandle="none" StructureKind="workingset"/><InteractionEvent Delta="added" EndDate="2013-04-16 04:59:58.90 HKT" Interest="1.0" Kind="attention" Navigation="" OriginId="org.eclipse.ui.workbench" StartDate="2013-04-16 04:59:28.46 HKT" StructureHandle="none" StructureKind="workingset"/><InteractionEvent Delta="added" EndDate="2013-04-16 05:00:28.142 HKT" Interest="1.0" Kind="attention" Navigation="" OriginId="org.eclipse.ui.workbench" StartDate="2013-04-16 04:59:58.90 HKT" StructureHandle="none" StructureKind="workingset"/><InteractionEvent Delta="added" EndDate="2013-04-16 05:29:00.993 HKT" Interest="1.0" Kind="attention" Navigation="" OriginId="org.eclipse.ui.workbench" StartDate="2013-04-16 05:00:28.142 HKT" StructureHandle="none" StructureKind="workingset"/><InteractionEvent Delta="added" EndDate="2013-04-16 06:25:14.678 HKT" Interest="1.0" Kind="attention" Navigation="" OriginId="org.eclipse.ui.workbench" StartDate="2013-04-16 06:07:10.8 HKT" StructureHandle="none" StructureKind="workingset"/><InteractionEvent Delta="added" EndDate="2013-04-16 07:45:04.915 HKT" Interest="1.0" Kind="attention" Navigation="" OriginId="org.eclipse.ui.workbench" StartDate="2013-04-16 07:27:33.379 HKT" StructureHandle="none" StructureKind="workingset"/><InteractionEvent Delta="added" EndDate="2013-04-16 13:45:47.324 HKT" Interest="1.0" Kind="attention" Navigation="" OriginId="org.eclipse.ui.workbench" StartDate="2013-04-16 13:19:06.940 HKT" StructureHandle="none" StructureKind="workingset"/><InteractionEvent Delta="added" EndDate="2013-04-16 14:00:04.84 HKT" Interest="1.0" Kind="attention" Navigation="" OriginId="org.eclipse.ui.workbench" StartDate="2013-04-16 13:59:34.83 HKT" StructureHandle="none" StructureKind="workingset"/><InteractionEvent Delta="added" EndDate="2013-04-16 14:30:12.215 HKT" Interest="1.0" Kind="attention" Navigation="" OriginId="org.eclipse.ui.workbench" StartDate="2013-04-16 14:00:04.84 HKT" StructureHandle="none" StructureKind="workingset"/><InteractionEvent Delta="added" EndDate="2013-04-17 01:35:35.40 HKT" Interest="1.0" Kind="attention" Navigation="" OriginId="org.eclipse.ui.workbench" StartDate="2013-04-17 01:23:30.713 HKT" StructureHandle="none" StructureKind="workingset"/><InteractionEvent Delta="added" EndDate="2013-04-17 02:37:01.293 HKT" Interest="1.0" Kind="attention" Navigation="" OriginId="org.eclipse.ui.workbench" StartDate="2013-04-17 02:01:19.706 HKT" StructureHandle="none" StructureKind="workingset"/><InteractionEvent Delta="added" EndDate="2013-04-17 02:59:50.647 HKT" Interest="1.0" Kind="attention" Navigation="" OriginId="org.eclipse.ui.workbench" StartDate="2013-04-17 02:59:20.643 HKT" StructureHandle="none" StructureKind="workingset"/><InteractionEvent Delta="added" EndDate="2013-04-17 03:52:02.410 HKT" Interest="1.0" Kind="attention" Navigation="" OriginId="org.eclipse.ui.workbench" StartDate="2013-04-17 03:01:09.162 HKT" StructureHandle="none" StructureKind="workingset"/><InteractionEvent Delta="added" EndDate="2013-04-17 04:27:05.478 HKT" Interest="1.0" Kind="attention" Navigation="" OriginId="org.eclipse.ui.workbench" StartDate="2013-04-17 04:04:31.118 HKT" StructureHandle="none" StructureKind="workingset"/><InteractionEvent Delta="added" EndDate="2013-04-17 05:00:07.438 HKT" Interest="1.0" Kind="attention" Navigation="" OriginId="org.eclipse.ui.workbench" StartDate="2013-04-17 04:59:37.387 HKT" StructureHandle="none" StructureKind="workingset"/><InteractionEvent Delta="added" EndDate="2013-04-17 05:45:42.439 HKT" Interest="1.0" Kind="attention" Navigation="" OriginId="org.eclipse.ui.workbench" StartDate="2013-04-17 05:00:07.438 HKT" StructureHandle="none" StructureKind="workingset"/><InteractionEvent Delta="added" EndDate="2013-04-17 06:51:20.509 HKT" Interest="1.0" Kind="attention" Navigation="" OriginId="org.eclipse.ui.workbench" StartDate="2013-04-17 06:16:42.931 HKT" StructureHandle="none" StructureKind="workingset"/><InteractionEvent Delta="added" EndDate="2013-04-17 07:27:39.425 HKT" Interest="1.0" Kind="attention" Navigation="" OriginId="org.eclipse.ui.workbench" StartDate="2013-04-17 07:00:05.991 HKT" StructureHandle="none" StructureKind="workingset"/><InteractionEvent Delta="added" EndDate="2013-04-17 08:59:08.15 HKT" Interest="1.0" Kind="attention" Navigation="" OriginId="org.eclipse.ui.workbench" StartDate="2013-04-17 08:55:06.884 HKT" StructureHandle="none" StructureKind="workingset"/><InteractionEvent Delta="added" EndDate="2013-04-17 08:59:38.16 HKT" Interest="1.0" Kind="attention" Navigation="" OriginId="org.eclipse.ui.workbench" StartDate="2013-04-17 08:59:08.15 HKT" StructureHandle="none" StructureKind="workingset"/><InteractionEvent Delta="added" EndDate="2013-04-17 09:15:49.788 HKT" Interest="1.0" Kind="attention" Navigation="" OriginId="org.eclipse.ui.workbench" StartDate="2013-04-17 09:03:09.646 HKT" StructureHandle="none" StructureKind="workingset"/><InteractionEvent Delta="added" EndDate="2013-04-17 10:53:08.91 HKT" Interest="1.0" Kind="attention" Navigation="" OriginId="org.eclipse.ui.workbench" StartDate="2013-04-17 10:45:36.3 HKT" StructureHandle="none" StructureKind="workingset"/><InteractionEvent Delta="added" EndDate="2013-04-17 11:49:01.665 HKT" Interest="1.0" Kind="attention" Navigation="" OriginId="org.eclipse.ui.workbench" StartDate="2013-04-17 11:37:00.716 HKT" StructureHandle="none" StructureKind="workingset"/><InteractionEvent Delta="added" EndDate="2013-04-17 13:55:36.419 HKT" Interest="1.0" Kind="attention" Navigation="" OriginId="org.eclipse.ui.workbench" StartDate="2013-04-17 13:34:30.791 HKT" StructureHandle="none" StructureKind="workingset"/><InteractionEvent Delta="added" EndDate="2013-04-17 14:00:21.172 HKT" Interest="1.0" Kind="attention" Navigation="" OriginId="org.eclipse.ui.workbench" StartDate="2013-04-17 13:59:51.171 HKT" StructureHandle="none" StructureKind="workingset"/><InteractionEvent Delta="added" EndDate="2013-04-17 14:22:54.500 HKT" Interest="1.0" Kind="attention" Navigation="" OriginId="org.eclipse.ui.workbench" StartDate="2013-04-17 14:00:21.172 HKT" StructureHandle="none" StructureKind="workingset"/><InteractionEvent Delta="added" EndDate="2013-04-18 05:54:50.764 HKT" Interest="1.0" Kind="attention" Navigation="" OriginId="org.eclipse.ui.workbench" StartDate="2013-04-18 05:01:06.432 HKT" StructureHandle="none" StructureKind="workingset"/><InteractionEvent Delta="added" EndDate="2013-04-18 05:59:59.981 HKT" Interest="1.0" Kind="attention" Navigation="" OriginId="org.eclipse.ui.workbench" StartDate="2013-04-18 05:59:29.931 HKT" StructureHandle="none" StructureKind="workingset"/><InteractionEvent Delta="added" EndDate="2013-04-18 06:00:29.983 HKT" Interest="1.0" Kind="attention" Navigation="" OriginId="org.eclipse.ui.workbench" StartDate="2013-04-18 05:59:59.981 HKT" StructureHandle="none" StructureKind="workingset"/><InteractionEvent Delta="added" EndDate="2013-04-18 06:54:36.668 HKT" Interest="1.0" Kind="attention" Navigation="" OriginId="org.eclipse.ui.workbench" StartDate="2013-04-18 06:00:29.983 HKT" StructureHandle="none" StructureKind="workingset"/><InteractionEvent Delta="added" EndDate="2013-04-18 07:18:05.776 HKT" Interest="1.0" Kind="attention" Navigation="" OriginId="org.eclipse.ui.workbench" StartDate="2013-04-18 07:05:04.187 HKT" StructureHandle="none" StructureKind="workingset"/><InteractionEvent Delta="added" EndDate="2013-04-18 09:59:09.552 HKT" Interest="1.0" Kind="attention" Navigation="" OriginId="org.eclipse.ui.workbench" StartDate="2013-04-18 09:24:30.913 HKT" StructureHandle="none" StructureKind="workingset"/><InteractionEvent Delta="added" EndDate="2013-04-18 10:00:11.94 HKT" Interest="1.0" Kind="attention" Navigation="" OriginId="org.eclipse.ui.workbench" StartDate="2013-04-18 09:59:41.77 HKT" StructureHandle="none" StructureKind="workingset"/><InteractionEvent Delta="added" EndDate="2013-04-18 10:58:17.566 HKT" Interest="1.0" Kind="attention" Navigation="" OriginId="org.eclipse.ui.workbench" StartDate="2013-04-18 10:00:11.94 HKT" StructureHandle="none" StructureKind="workingset"/><InteractionEvent Delta="added" EndDate="2013-04-18 11:00:10.480 HKT" Interest="1.0" Kind="attention" Navigation="" OriginId="org.eclipse.ui.workbench" StartDate="2013-04-18 10:59:40.430 HKT" StructureHandle="none" StructureKind="workingset"/><InteractionEvent Delta="added" EndDate="2013-04-18 11:42:48.845 HKT" Interest="1.0" Kind="attention" Navigation="" OriginId="org.eclipse.ui.workbench" StartDate="2013-04-18 11:00:10.480 HKT" StructureHandle="none" StructureKind="workingset"/><InteractionEvent Delta="added" EndDate="2013-04-18 11:59:54.242 HKT" Interest="1.0" Kind="attention" Navigation="" OriginId="org.eclipse.ui.workbench" StartDate="2013-04-18 11:59:24.241 HKT" StructureHandle="none" StructureKind="workingset"/><InteractionEvent Delta="added" EndDate="2013-04-18 12:00:24.243 HKT" Interest="1.0" Kind="attention" Navigation="" OriginId="org.eclipse.ui.workbench" StartDate="2013-04-18 11:59:54.242 HKT" StructureHandle="none" StructureKind="workingset"/><InteractionEvent Delta="added" EndDate="2013-04-18 12:54:03.218 HKT" Interest="1.0" Kind="attention" Navigation="" OriginId="org.eclipse.ui.workbench" StartDate="2013-04-18 12:00:24.243 HKT" StructureHandle="none" StructureKind="workingset"/><InteractionEvent Delta="added" EndDate="2013-04-18 13:00:10.226 HKT" Interest="1.0" Kind="attention" Navigation="" OriginId="org.eclipse.ui.workbench" StartDate="2013-04-18 12:59:40.147 HKT" StructureHandle="none" StructureKind="workingset"/><InteractionEvent Delta="added" EndDate="2013-04-18 13:21:14.189 HKT" Interest="1.0" Kind="attention" Navigation="" OriginId="org.eclipse.ui.workbench" StartDate="2013-04-18 13:00:10.226 HKT" StructureHandle="none" StructureKind="workingset"/><InteractionEvent Delta="added" EndDate="2013-04-18 16:49:51.533 HKT" Interest="1.0" Kind="attention" Navigation="" OriginId="org.eclipse.ui.workbench" StartDate="2013-04-18 16:47:18.73 HKT" StructureHandle="none" StructureKind="workingset"/><InteractionEvent Delta="added" EndDate="2013-04-18 19:38:49.230 HKT" Interest="1.0" Kind="attention" Navigation="" OriginId="org.eclipse.ui.workbench" StartDate="2013-04-18 19:01:14.485 HKT" StructureHandle="none" StructureKind="workingset"/><InteractionEvent Delta="added" EndDate="2013-04-19 02:55:40.511 HKT" Interest="1.0" Kind="attention" Navigation="" OriginId="org.eclipse.ui.workbench" StartDate="2013-04-19 02:05:33.89 HKT" StructureHandle="none" StructureKind="workingset"/><InteractionEvent Delta="added" EndDate="2013-04-19 03:00:26.182 HKT" Interest="1.0" Kind="attention" Navigation="" OriginId="org.eclipse.ui.workbench" StartDate="2013-04-19 02:59:56.134 HKT" StructureHandle="none" StructureKind="workingset"/><InteractionEvent Delta="added" EndDate="2013-04-19 03:38:32.323 HKT" Interest="1.0" Kind="attention" Navigation="" OriginId="org.eclipse.ui.workbench" StartDate="2013-04-19 03:00:26.182 HKT" StructureHandle="none" StructureKind="workingset"/><InteractionEvent Delta="added" EndDate="2013-04-19 04:00:23.285 HKT" Interest="1.0" Kind="attention" Navigation="" OriginId="org.eclipse.ui.workbench" StartDate="2013-04-19 03:59:53.235 HKT" StructureHandle="none" StructureKind="workingset"/><InteractionEvent Delta="added" EndDate="2013-04-19 04:38:27.413 HKT" Interest="1.0" Kind="attention" Navigation="" OriginId="org.eclipse.ui.workbench" StartDate="2013-04-19 04:00:23.285 HKT" StructureHandle="none" StructureKind="workingset"/><InteractionEvent Delta="added" EndDate="2013-04-19 05:00:00.946 HKT" Interest="1.0" Kind="attention" Navigation="" OriginId="org.eclipse.ui.workbench" StartDate="2013-04-19 04:59:30.945 HKT" StructureHandle="none" StructureKind="workingset"/><InteractionEvent Delta="added" EndDate="2013-04-19 05:41:43.374 HKT" Interest="1.0" Kind="attention" Navigation="" OriginId="org.eclipse.ui.workbench" StartDate="2013-04-19 05:00:00.946 HKT" StructureHandle="none" StructureKind="workingset"/><InteractionEvent Delta="added" EndDate="2013-04-19 06:57:45.952 HKT" Interest="1.0" Kind="attention" Navigation="" OriginId="org.eclipse.ui.workbench" StartDate="2013-04-19 06:20:37.93 HKT" StructureHandle="none" StructureKind="workingset"/><InteractionEvent Delta="added" EndDate="2013-04-19 07:51:36.748 HKT" Interest="1.0" Kind="attention" Navigation="" OriginId="org.eclipse.ui.workbench" StartDate="2013-04-19 07:09:31.405 HKT" StructureHandle="none" StructureKind="workingset"/><InteractionEvent Delta="added" EndDate="2013-04-19 08:00:07.726 HKT" Interest="1.0" Kind="attention" Navigation="" OriginId="org.eclipse.ui.workbench" StartDate="2013-04-19 07:59:37.717 HKT" StructureHandle="none" StructureKind="workingset"/><InteractionEvent Delta="added" EndDate="2013-04-19 08:22:39.877 HKT" Interest="1.0" Kind="attention" Navigation="" OriginId="org.eclipse.ui.workbench" StartDate="2013-04-19 08:00:07.726 HKT" StructureHandle="none" StructureKind="workingset"/><InteractionEvent Delta="added" EndDate="2013-04-19 09:59:43.717 HKT" Interest="1.0" Kind="attention" Navigation="" OriginId="org.eclipse.ui.workbench" StartDate="2013-04-19 09:59:13.401 HKT" StructureHandle="none" StructureKind="workingset"/><InteractionEvent Delta="added" EndDate="2013-04-19 10:00:13.719 HKT" Interest="1.0" Kind="attention" Navigation="" OriginId="org.eclipse.ui.workbench" StartDate="2013-04-19 09:59:43.717 HKT" StructureHandle="none" StructureKind="workingset"/><InteractionEvent Delta="added" EndDate="2013-04-19 10:28:15.465 HKT" Interest="1.0" Kind="attention" Navigation="" OriginId="org.eclipse.ui.workbench" StartDate="2013-04-19 10:00:13.719 HKT" StructureHandle="none" StructureKind="workingset"/><InteractionEvent Delta="added" EndDate="2013-04-19 11:27:23.144 HKT" Interest="1.0" Kind="attention" Navigation="" OriginId="org.eclipse.ui.workbench" StartDate="2013-04-19 11:08:43.380 HKT" StructureHandle="none" StructureKind="workingset"/><InteractionEvent Delta="added" EndDate="2013-04-19 12:49:42.648 HKT" Interest="1.0" Kind="attention" Navigation="" OriginId="org.eclipse.ui.workbench" StartDate="2013-04-19 12:00:03.323 HKT" StructureHandle="none" StructureKind="workingset"/><InteractionEvent Delta="added" EndDate="2013-04-19 12:59:48.822 HKT" Interest="1.0" Kind="attention" Navigation="" OriginId="org.eclipse.ui.workbench" StartDate="2013-04-19 12:59:18.816 HKT" StructureHandle="none" StructureKind="workingset"/><InteractionEvent Delta="added" EndDate="2013-04-19 13:00:18.864 HKT" Interest="1.0" Kind="attention" Navigation="" OriginId="org.eclipse.ui.workbench" StartDate="2013-04-19 12:59:48.822 HKT" StructureHandle="none" StructureKind="workingset"/><InteractionEvent Delta="added" EndDate="2013-04-19 13:22:51.358 HKT" Interest="1.0" Kind="attention" Navigation="" OriginId="org.eclipse.ui.workbench" StartDate="2013-04-19 13:00:18.864 HKT" StructureHandle="none" StructureKind="workingset"/><InteractionEvent Delta="added" EndDate="2013-04-20 03:39:09.536 HKT" Interest="1.0" Kind="attention" Navigation="" OriginId="org.eclipse.ui.workbench" StartDate="2013-04-20 03:35:38.725 HKT" StructureHandle="none" StructureKind="workingset"/><InteractionEvent Delta="added" EndDate="2013-04-20 05:37:01.673 HKT" Interest="1.0" Kind="attention" Navigation="" OriginId="org.eclipse.ui.workbench" StartDate="2013-04-20 05:26:26.466 HKT" StructureHandle="none" StructureKind="workingset"/><InteractionEvent Delta="added" EndDate="2013-04-21 07:52:23.662 HKT" Interest="1.0" Kind="attention" Navigation="" OriginId="org.eclipse.ui.workbench" StartDate="2013-04-21 07:10:12.581 HKT" StructureHandle="none" StructureKind="workingset"/><InteractionEvent Delta="added" EndDate="2013-04-21 08:59:33.354 HKT" Interest="1.0" Kind="attention" Navigation="" OriginId="org.eclipse.ui.workbench" StartDate="2013-04-21 08:04:27.190 HKT" StructureHandle="none" StructureKind="workingset"/><InteractionEvent Delta="added" EndDate="2013-04-21 09:00:03.356 HKT" Interest="1.0" Kind="attention" Navigation="" OriginId="org.eclipse.ui.workbench" StartDate="2013-04-21 08:59:33.354 HKT" StructureHandle="none" StructureKind="workingset"/><InteractionEvent Delta="added" EndDate="2013-04-21 09:54:07.285 HKT" Interest="1.0" Kind="attention" Navigation="" OriginId="org.eclipse.ui.workbench" StartDate="2013-04-21 09:00:03.356 HKT" StructureHandle="none" StructureKind="workingset"/><InteractionEvent Delta="added" EndDate="2013-04-21 09:59:38.990 HKT" Interest="1.0" Kind="attention" Navigation="" OriginId="org.eclipse.ui.workbench" StartDate="2013-04-21 09:59:08.943 HKT" StructureHandle="none" StructureKind="workingset"/><InteractionEvent Delta="added" EndDate="2013-04-21 10:00:08.991 HKT" Interest="1.0" Kind="attention" Navigation="" OriginId="org.eclipse.ui.workbench" StartDate="2013-04-21 09:59:38.990 HKT" StructureHandle="none" StructureKind="workingset"/><InteractionEvent Delta="added" EndDate="2013-04-21 10:14:11.23 HKT" Interest="1.0" Kind="attention" Navigation="" OriginId="org.eclipse.ui.workbench" StartDate="2013-04-21 10:00:08.991 HKT" StructureHandle="none" StructureKind="workingset"/><InteractionEvent Delta="added" EndDate="2013-04-21 11:31:24.830 HKT" Interest="1.0" Kind="attention" Navigation="" OriginId="org.eclipse.ui.workbench" StartDate="2013-04-21 11:05:09.801 HKT" StructureHandle="none" StructureKind="workingset"/><InteractionEvent Delta="added" EndDate="2013-04-21 11:59:55.108 HKT" Interest="1.0" Kind="attention" Navigation="" OriginId="org.eclipse.ui.workbench" StartDate="2013-04-21 11:59:25.57 HKT" StructureHandle="none" StructureKind="workingset"/><InteractionEvent Delta="added" EndDate="2013-04-21 12:00:25.110 HKT" Interest="1.0" Kind="attention" Navigation="" OriginId="org.eclipse.ui.workbench" StartDate="2013-04-21 11:59:55.108 HKT" StructureHandle="none" StructureKind="workingset"/><InteractionEvent Delta="added" EndDate="2013-04-21 12:14:00.910 HKT" Interest="1.0" Kind="attention" Navigation="" OriginId="org.eclipse.ui.workbench" StartDate="2013-04-21 12:00:25.110 HKT" StructureHandle="none" StructureKind="workingset"/><InteractionEvent Delta="added" EndDate="2013-04-21 13:08:39.665 HKT" Interest="1.0" Kind="attention" Navigation="" OriginId="org.eclipse.ui.workbench" StartDate="2013-04-21 13:05:08.242 HKT" StructureHandle="none" StructureKind="workingset"/><InteractionEvent Delta="added" EndDate="2013-04-21 14:40:51.498 HKT" Interest="1.0" Kind="attention" Navigation="" OriginId="org.eclipse.ui.workbench" StartDate="2013-04-21 14:37:50.386 HKT" StructureHandle="none" StructureKind="workingset"/><InteractionEvent Delta="added" EndDate="2013-04-21 15:11:43.154 HKT" Interest="1.0" Kind="attention" Navigation="" OriginId="org.eclipse.ui.workbench" StartDate="2013-04-21 15:05:41.904 HKT" StructureHandle="none" StructureKind="workingset"/><InteractionEvent Delta="added" EndDate="2013-04-22 03:34:25.232 HKT" Interest="1.0" Kind="attention" Navigation="" OriginId="org.eclipse.ui.workbench" StartDate="2013-04-22 03:11:13.151 HKT" StructureHandle="none" StructureKind="workingset"/><InteractionEvent Delta="added" EndDate="2013-04-22 04:34:01.69 HKT" Interest="1.0" Kind="attention" Navigation="" OriginId="org.eclipse.ui.workbench" StartDate="2013-04-22 04:01:21.105 HKT" StructureHandle="none" StructureKind="workingset"/><InteractionEvent Delta="added" EndDate="2013-04-22 05:00:18.708 HKT" Interest="1.0" Kind="attention" Navigation="" OriginId="org.eclipse.ui.workbench" StartDate="2013-04-22 04:59:48.707 HKT" StructureHandle="none" StructureKind="workingset"/><InteractionEvent Delta="added" EndDate="2013-04-22 05:51:31.508 HKT" Interest="1.0" Kind="attention" Navigation="" OriginId="org.eclipse.ui.workbench" StartDate="2013-04-22 05:00:18.708 HKT" StructureHandle="none" StructureKind="workingset"/><InteractionEvent Delta="added" EndDate="2013-04-22 05:59:49.970 HKT" Interest="1.0" Kind="attention" Navigation="" OriginId="org.eclipse.ui.workbench" StartDate="2013-04-22 05:59:19.920 HKT" StructureHandle="none" StructureKind="workingset"/><InteractionEvent Delta="added" EndDate="2013-04-22 06:00:19.972 HKT" Interest="1.0" Kind="attention" Navigation="" OriginId="org.eclipse.ui.workbench" StartDate="2013-04-22 05:59:49.970 HKT" StructureHandle="none" StructureKind="workingset"/><InteractionEvent Delta="added" EndDate="2013-04-22 06:53:30.29 HKT" Interest="1.0" Kind="attention" Navigation="" OriginId="org.eclipse.ui.workbench" StartDate="2013-04-22 06:00:19.972 HKT" StructureHandle="none" StructureKind="workingset"/><InteractionEvent Delta="added" EndDate="2013-04-22 06:59:56.591 HKT" Interest="1.0" Kind="attention" Navigation="" OriginId="org.eclipse.ui.workbench" StartDate="2013-04-22 06:59:26.590 HKT" StructureHandle="none" StructureKind="workingset"/><InteractionEvent Delta="added" EndDate="2013-04-22 07:00:26.592 HKT" Interest="1.0" Kind="attention" Navigation="" OriginId="org.eclipse.ui.workbench" StartDate="2013-04-22 06:59:56.591 HKT" StructureHandle="none" StructureKind="workingset"/><InteractionEvent Delta="added" EndDate="2013-04-22 07:20:00.959 HKT" Interest="1.0" Kind="attention" Navigation="" OriginId="org.eclipse.ui.workbench" StartDate="2013-04-22 07:00:26.592 HKT" StructureHandle="none" StructureKind="workingset"/><InteractionEvent Delta="added" EndDate="2013-04-22 08:19:50.383 HKT" Interest="1.0" Kind="attention" Navigation="" OriginId="org.eclipse.ui.workbench" StartDate="2013-04-22 08:07:47.40 HKT" StructureHandle="none" StructureKind="workingset"/><InteractionEvent Delta="added" EndDate="2013-04-22 11:36:58.337 HKT" Interest="1.0" Kind="attention" Navigation="" OriginId="org.eclipse.ui.workbench" StartDate="2013-04-22 11:05:53.423 HKT" StructureHandle="none" StructureKind="workingset"/><InteractionEvent Delta="added" EndDate="2013-04-22 12:55:29.351 HKT" Interest="1.0" Kind="attention" Navigation="" OriginId="org.eclipse.ui.workbench" StartDate="2013-04-22 12:50:21.825 HKT" StructureHandle="none" StructureKind="workingset"/><InteractionEvent Delta="added" EndDate="2013-04-22 13:08:56.308 HKT" Interest="1.0" Kind="attention" Navigation="" OriginId="org.eclipse.ui.workbench" StartDate="2013-04-22 13:03:25.489 HKT" StructureHandle="none" StructureKind="workingset"/><InteractionEvent Delta="added" EndDate="2013-04-23 02:29:41.925 HKT" Interest="1.0" Kind="attention" Navigation="" OriginId="org.eclipse.ui.workbench" StartDate="2013-04-23 02:01:35.873 HKT" StructureHandle="none" StructureKind="workingset"/><InteractionEvent Delta="added" EndDate="2013-04-23 03:00:06.830 HKT" Interest="1.0" Kind="attention" Navigation="" OriginId="org.eclipse.ui.workbench" StartDate="2013-04-23 02:59:36.779 HKT" StructureHandle="none" StructureKind="workingset"/><InteractionEvent Delta="added" EndDate="2013-04-23 03:07:38.517 HKT" Interest="1.0" Kind="attention" Navigation="" OriginId="org.eclipse.ui.workbench" StartDate="2013-04-23 03:00:06.830 HKT" StructureHandle="none" StructureKind="workingset"/><InteractionEvent Delta="added" EndDate="2013-04-23 04:31:24.632 HKT" Interest="1.0" Kind="attention" Navigation="" OriginId="org.eclipse.ui.workbench" StartDate="2013-04-23 04:14:49.453 HKT" StructureHandle="none" StructureKind="workingset"/><InteractionEvent Delta="added" EndDate="2013-04-23 05:56:52.812 HKT" Interest="1.0" Kind="attention" Navigation="" OriginId="org.eclipse.ui.workbench" StartDate="2013-04-23 05:36:44.550 HKT" StructureHandle="none" StructureKind="workingset"/><InteractionEvent Delta="added" EndDate="2013-04-23 06:00:27.278 HKT" Interest="1.0" Kind="attention" Navigation="" OriginId="org.eclipse.ui.workbench" StartDate="2013-04-23 05:59:57.228 HKT" StructureHandle="none" StructureKind="workingset"/><InteractionEvent Delta="added" EndDate="2013-04-23 06:17:00.951 HKT" Interest="1.0" Kind="attention" Navigation="" OriginId="org.eclipse.ui.workbench" StartDate="2013-04-23 06:00:27.278 HKT" StructureHandle="none" StructureKind="workingset"/><InteractionEvent Delta="added" EndDate="2013-04-23 12:47:53.760 HKT" Interest="1.0" Kind="attention" Navigation="" OriginId="org.eclipse.ui.workbench" StartDate="2013-04-23 12:02:46.692 HKT" StructureHandle="none" StructureKind="workingset"/><InteractionEvent Delta="added" EndDate="2013-04-23 13:00:25.228 HKT" Interest="1.0" Kind="attention" Navigation="" OriginId="org.eclipse.ui.workbench" StartDate="2013-04-23 12:59:55.187 HKT" StructureHandle="none" StructureKind="workingset"/><InteractionEvent Delta="added" EndDate="2013-04-23 13:18:27.658 HKT" Interest="1.0" Kind="attention" Navigation="" OriginId="org.eclipse.ui.workbench" StartDate="2013-04-23 13:00:25.228 HKT" StructureHandle="none" StructureKind="workingset"/><InteractionEvent Delta="added" EndDate="2013-04-24 02:32:40.555 HKT" Interest="1.0" Kind="attention" Navigation="" OriginId="org.eclipse.ui.workbench" StartDate="2013-04-24 02:29:38.632 HKT" StructureHandle="none" StructureKind="workingset"/><InteractionEvent Delta="added" EndDate="2013-04-24 03:29:52.444 HKT" Interest="1.0" Kind="attention" Navigation="" OriginId="org.eclipse.ui.workbench" StartDate="2013-04-24 03:26:51.164 HKT" StructureHandle="none" StructureKind="workingset"/><InteractionEvent Delta="added" EndDate="2013-04-24 04:08:02.321 HKT" Interest="1.0" Kind="attention" Navigation="" OriginId="org.eclipse.ui.workbench" StartDate="2013-04-24 04:07:00.534 HKT" StructureHandle="none" StructureKind="workingset"/><InteractionEvent Delta="added" EndDate="2013-04-28 01:15:10.259 HKT" Interest="1.0" Kind="attention" Navigation="" OriginId="org.eclipse.ui.workbench" StartDate="2013-04-28 01:10:34.927 HKT" StructureHandle="none" StructureKind="workingset"/><InteractionEvent Delta="added" EndDate="2013-04-28 02:54:18.923 HKT" Interest="1.0" Kind="attention" Navigation="" OriginId="org.eclipse.ui.workbench" StartDate="2013-04-28 02:44:13.944 HKT" StructureHandle="none" StructureKind="workingset"/><InteractionEvent Delta="added" EndDate="2013-04-28 02:59:51.630 HKT" Interest="1.0" Kind="attention" Navigation="" OriginId="org.eclipse.ui.workbench" StartDate="2013-04-28 02:59:21.547 HKT" StructureHandle="none" StructureKind="workingset"/><InteractionEvent Delta="added" EndDate="2013-04-28 03:00:21.680 HKT" Interest="1.0" Kind="attention" Navigation="" OriginId="org.eclipse.ui.workbench" StartDate="2013-04-28 02:59:51.630 HKT" StructureHandle="none" StructureKind="workingset"/><InteractionEvent Delta="added" EndDate="2013-04-28 03:59:01.679 HKT" Interest="1.0" Kind="attention" Navigation="" OriginId="org.eclipse.ui.workbench" StartDate="2013-04-28 03:00:21.680 HKT" StructureHandle="none" StructureKind="workingset"/><InteractionEvent Delta="added" EndDate="2013-04-28 04:00:03.171 HKT" Interest="1.0" Kind="attention" Navigation="" OriginId="org.eclipse.ui.workbench" StartDate="2013-04-28 03:59:33.120 HKT" StructureHandle="none" StructureKind="workingset"/><InteractionEvent Delta="added" EndDate="2013-04-28 04:28:42.403 HKT" Interest="1.0" Kind="attention" Navigation="" OriginId="org.eclipse.ui.workbench" StartDate="2013-04-28 04:00:03.171 HKT" StructureHandle="none" StructureKind="workingset"/><InteractionEvent Delta="added" EndDate="2013-04-28 05:31:55.715 HKT" Interest="1.0" Kind="attention" Navigation="" OriginId="org.eclipse.ui.workbench" StartDate="2013-04-28 05:09:04.463 HKT" StructureHandle="none" StructureKind="workingset"/><InteractionEvent Delta="added" EndDate="2013-04-28 06:00:16.640 HKT" Interest="1.0" Kind="attention" Navigation="" OriginId="org.eclipse.ui.workbench" StartDate="2013-04-28 05:59:42.78 HKT" StructureHandle="none" StructureKind="workingset"/><InteractionEvent Delta="added" EndDate="2013-04-28 06:03:16.903 HKT" Interest="1.0" Kind="attention" Navigation="" OriginId="org.eclipse.ui.workbench" StartDate="2013-04-28 06:00:16.640 HKT" StructureHandle="none" StructureKind="workingset"/><InteractionEvent Delta="added" EndDate="2013-04-28 08:43:55.654 HKT" Interest="1.0" Kind="attention" Navigation="" OriginId="org.eclipse.ui.workbench" StartDate="2013-04-28 08:08:19.173 HKT" StructureHandle="none" StructureKind="workingset"/><InteractionEvent Delta="added" EndDate="2013-04-28 09:20:33.180 HKT" Interest="1.0" Kind="attention" Navigation="" OriginId="org.eclipse.ui.workbench" StartDate="2013-04-28 09:00:27.210 HKT" StructureHandle="none" StructureKind="workingset"/><InteractionEvent Delta="added" EndDate="2013-04-28 10:00:25.686 HKT" Interest="1.0" Kind="attention" Navigation="" OriginId="org.eclipse.ui.workbench" StartDate="2013-04-28 09:59:55.123 HKT" StructureHandle="none" StructureKind="workingset"/><InteractionEvent Delta="added" EndDate="2013-04-28 10:18:04.407 HKT" Interest="1.0" Kind="attention" Navigation="" OriginId="org.eclipse.ui.workbench" StartDate="2013-04-28 10:00:25.686 HKT" StructureHandle="none" StructureKind="workingset"/><InteractionEvent Delta="added" EndDate="2013-04-28 11:33:18.161 HKT" Interest="1.0" Kind="attention" Navigation="" OriginId="org.eclipse.ui.workbench" StartDate="2013-04-28 11:29:11.600 HKT" StructureHandle="none" StructureKind="workingset"/><InteractionEvent Delta="added" EndDate="2013-04-28 13:44:21.873 HKT" Interest="1.0" Kind="attention" Navigation="" OriginId="org.eclipse.ui.workbench" StartDate="2013-04-28 13:42:17.976 HKT" StructureHandle="none" StructureKind="workingset"/><InteractionEvent Delta="added" EndDate="2013-05-06 06:51:58.206 HKT" Interest="1.0" Kind="attention" Navigation="" OriginId="org.eclipse.ui.workbench" StartDate="2013-05-06 06:21:18.108 HKT" StructureHandle="none" StructureKind="workingset"/><InteractionEvent Delta="added" EndDate="2013-05-06 07:00:04.131 HKT" Interest="1.0" Kind="attention" Navigation="" OriginId="org.eclipse.ui.workbench" StartDate="2013-05-06 06:59:34.129 HKT" StructureHandle="none" StructureKind="workingset"/><InteractionEvent Delta="added" EndDate="2013-05-06 07:48:34.951 HKT" Interest="1.0" Kind="attention" Navigation="" OriginId="org.eclipse.ui.workbench" StartDate="2013-05-06 07:00:04.131 HKT" StructureHandle="none" StructureKind="workingset"/><InteractionEvent Delta="added" EndDate="2013-05-06 12:52:55.849 HKT" Interest="1.0" Kind="attention" Navigation="" OriginId="org.eclipse.ui.workbench" StartDate="2013-05-06 12:18:18.934 HKT" StructureHandle="none" StructureKind="workingset"/><InteractionEvent Delta="added" EndDate="2013-05-06 13:00:27.649 HKT" Interest="1.0" Kind="attention" Navigation="" OriginId="org.eclipse.ui.workbench" StartDate="2013-05-06 12:59:57.397 HKT" StructureHandle="none" StructureKind="workingset"/><InteractionEvent Delta="added" EndDate="2013-05-06 13:36:08.216 HKT" Interest="1.0" Kind="attention" Navigation="" OriginId="org.eclipse.ui.workbench" StartDate="2013-05-06 13:00:27.649 HKT" StructureHandle="none" StructureKind="workingset"/><InteractionEvent Delta="added" EndDate="2013-05-06 14:00:17.767 HKT" Interest="1.0" Kind="attention" Navigation="" OriginId="org.eclipse.ui.workbench" StartDate="2013-05-06 13:59:47.717 HKT" StructureHandle="none" StructureKind="workingset"/><InteractionEvent Delta="added" EndDate="2013-05-06 14:40:01.683 HKT" Interest="1.0" Kind="attention" Navigation="" OriginId="org.eclipse.ui.workbench" StartDate="2013-05-06 14:00:17.767 HKT" StructureHandle="none" StructureKind="workingset"/><InteractionEvent Delta="added" EndDate="2013-05-06 14:59:53.61 HKT" Interest="1.0" Kind="attention" Navigation="" OriginId="org.eclipse.ui.workbench" StartDate="2013-05-06 14:59:23.19 HKT" StructureHandle="none" StructureKind="workingset"/><InteractionEvent Delta="added" EndDate="2013-05-06 15:00:23.112 HKT" Interest="1.0" Kind="attention" Navigation="" OriginId="org.eclipse.ui.workbench" StartDate="2013-05-06 14:59:53.61 HKT" StructureHandle="none" StructureKind="workingset"/><InteractionEvent Delta="added" EndDate="2013-05-06 15:31:37.230 HKT" Interest="1.0" Kind="attention" Navigation="" OriginId="org.eclipse.ui.workbench" StartDate="2013-05-06 15:00:23.112 HKT" StructureHandle="none" StructureKind="workingset"/><InteractionEvent Delta="added" EndDate="2013-05-06 15:59:59.364 HKT" Interest="1.0" Kind="attention" Navigation="" OriginId="org.eclipse.ui.workbench" StartDate="2013-05-06 15:59:29.313 HKT" StructureHandle="none" StructureKind="workingset"/><InteractionEvent Delta="added" EndDate="2013-05-06 16:00:29.423 HKT" Interest="1.0" Kind="attention" Navigation="" OriginId="org.eclipse.ui.workbench" StartDate="2013-05-06 15:59:59.364 HKT" StructureHandle="none" StructureKind="workingset"/><InteractionEvent Delta="added" EndDate="2013-05-06 16:46:05.462 HKT" Interest="1.0" Kind="attention" Navigation="" OriginId="org.eclipse.ui.workbench" StartDate="2013-05-06 16:00:29.423 HKT" StructureHandle="none" StructureKind="workingset"/><InteractionEvent Delta="added" EndDate="2013-05-06 17:00:08.140 HKT" Interest="1.0" Kind="attention" Navigation="" OriginId="org.eclipse.ui.workbench" StartDate="2013-05-06 16:59:37.993 HKT" StructureHandle="none" StructureKind="workingset"/><InteractionEvent Delta="added" EndDate="2013-05-06 17:04:38.929 HKT" Interest="1.0" Kind="attention" Navigation="" OriginId="org.eclipse.ui.workbench" StartDate="2013-05-06 17:00:08.140 HKT" StructureHandle="none" StructureKind="workingset"/><InteractionEvent Delta="added" EndDate="2013-05-08 07:20:19.555 HKT" Interest="1.0" Kind="attention" Navigation="" OriginId="org.eclipse.ui.workbench" StartDate="2013-05-08 07:10:46.124 HKT" StructureHandle="none" StructureKind="workingset"/><InteractionEvent Delta="added" EndDate="2013-05-09 04:56:32.977 HKT" Interest="1.0" Kind="attention" Navigation="" OriginId="org.eclipse.ui.workbench" StartDate="2013-05-09 04:26:21.782 HKT" StructureHandle="none" StructureKind="workingset"/><InteractionEvent Delta="added" EndDate="2013-05-09 04:59:57.73 HKT" Interest="1.0" Kind="attention" Navigation="" OriginId="org.eclipse.ui.workbench" StartDate="2013-05-09 04:59:27.46 HKT" StructureHandle="none" StructureKind="workingset"/><InteractionEvent Delta="added" EndDate="2013-05-09 05:00:27.124 HKT" Interest="1.0" Kind="attention" Navigation="" OriginId="org.eclipse.ui.workbench" StartDate="2013-05-09 04:59:57.73 HKT" StructureHandle="none" StructureKind="workingset"/><InteractionEvent Delta="added" EndDate="2013-05-09 05:35:43.444 HKT" Interest="1.0" Kind="attention" Navigation="" OriginId="org.eclipse.ui.workbench" StartDate="2013-05-09 05:00:27.124 HKT" StructureHandle="none" StructureKind="workingset"/><InteractionEvent Delta="added" EndDate="2013-05-09 06:26:04.246 HKT" Interest="1.0" Kind="attention" Navigation="" OriginId="org.eclipse.ui.workbench" StartDate="2013-05-09 06:16:17.57 HKT" StructureHandle="none" StructureKind="workingset"/><InteractionEvent Delta="added" EndDate="2013-05-09 21:41:04.688 HKT" Interest="1.0" Kind="attention" Navigation="" OriginId="org.eclipse.ui.workbench" StartDate="2013-05-09 21:34:02.618 HKT" StructureHandle="none" StructureKind="workingset"/><InteractionEvent Delta="added" EndDate="2013-05-10 13:31:03.594 HKT" Interest="1.0" Kind="attention" Navigation="" OriginId="org.eclipse.ui.workbench" StartDate="2013-05-10 13:09:42.311 HKT" StructureHandle="none" StructureKind="workingset"/><InteractionEvent Delta="added" EndDate="2013-05-10 14:28:25.508 HKT" Interest="1.0" Kind="attention" Navigation="" OriginId="org.eclipse.ui.workbench" StartDate="2013-05-10 14:06:06.300 HKT" StructureHandle="none" StructureKind="workingset"/></InteractionHistory>